ðŸ’¬,flag,username,timestamp
"two raccoons in the tree branch of a small tree
two raccoons on a small tree branch of a branch
two raccoons are on a branch of small branches of tree",,,2024-03-15 10:59:06.997120
"a man riding a bike next to the side by a red train on the tracks
a man riding a bike next to the right of a red train
a man riding a bike next to the side by a red train on a train passing by",,,2024-03-15 10:59:07.699091
"a path with yellow flowers next to flowers are in the foreground and a lake and mountains in the background
a path with yellow flowers next to flowers are in the foreground, lake and lake in the background
a path with yellow flowers next to flowers are in the foreground and a lake and mountains in the distance",,,2024-03-15 10:59:16.025325
"a path through a forest in autumn leaves on the ground
a path through a forest in autumn leaves on the trees
a path through a forest in autumn leaves on the ground and trees",,,2024-03-15 10:59:17.266075
"a rainbow over a lake and mountains
a rainbow over a lake in the lake
a rainbow over a lake with the water",,,2024-03-15 10:59:18.636294
"a little orange and white kitten sitting on grass and rocks
a little kitten sitting on a little cat standing on grass with grass in the background
a little kitten sitting on a little cat standing on grass",,,2024-03-15 10:59:19.312799
